"Age","BMI","Leptin","Adiponectin","Resistin","MCP1","logHOMA"
48,23.5,8.8071,9.7024,7.99585,417.114,-0.760551314045448
83,20.69049454,8.8438,5.429285,4.06405,468.786,-0.34686983862321
82,23.12467037,17.9393,22.43204,9.27715,554.697,0.00960479294399844
68,21.36752137,9.8827,7.16956,12.766,928.22,-0.48983916642744
86,21.11111111,6.6994,4.81924,10.57635,773.92,-0.216433116726723
49,22.85445769,6.8317,13.67975,10.3176,530.41,-0.311856011143385
89,22.7,6.964,5.589865,12.9361,1256.083,-0.115649563502452
76,23.8,4.311,13.25132,5.1042,280.694,0.632973165361348
73,22,4.47,10.358725,6.28445,136.855,-0.221216243515629
75,23,17.127,11.57899,7.0913,318.302,0.0137445760675533
34,21.47,14.57,13.11,6.92,354.6,-0.404312372762918
29,23.01,35.59,26.72,4.58,174.8,0.135785466664788
25,22.86,20.45,23.67,5.14,313.73,-0.189623349718228
24,18.67,8.88,36.06,6.85,632.22,0.285178942233662
38,23.34,15.26,17.95,9.35,165.02,0.067350189690342
44,20.76,14.09,20.32,7.64,63.61,0.470003629245736
47,22.03,26.65,38.04,3.32,191.72,-0.527632742082372
61,32.03895937,30.7729,7.780255,13.68392,444.395,1.33240410095496
64,34.5297228,21.2117,5.46262,6.70188,252.449,0.0367114782317401
32,36.51263743,49.3727,5.1,17.10223,588.46,1.10193330132918
36,28.57667585,15.1248,8.6,9.1539,534.224,-0.0815145128309026
34,31.97501487,28.7502,7.64276,5.62592,572.783,-0.0282575092905964
29,32.27078777,45.6196,6.209635,24.6033,904.981,0.185509802267011
35,30.27681661,39.2134,9.048185,16.43706,733.797,-0.0979357034771289
54,30.48315806,12.331,9.73138,10.19299,1227.91,0.206374940730973
45,37.03560819,39.9802,4.617125,8.70448,586.173,0.3249759301705
50,38.57875854,46.6401,4.667645,11.78388,887.16,0.561106714237957
66,31.44654088,45.9624,10.35526,23.3819,1102.11,0.71900496772923
35,35.2507611,50.6094,6.966895,22.03703,667.928,0.414341595270791
36,34.17489,10.2809,5.065915,15.72187,581.313,0.262692416004501
66,36.21227888,74.7069,7.53955,22.32024,864.968,1.35319974249304
53,36.7901662,27.1841,20.03,10.26309,695.754,0.930166680861291
28,35.85581466,68.5102,4.7942,21.44366,358.624,0.609988155542907
43,34.42217362,31.2128,8.300955,6.71026,960.246,1.62764242676106
51,27.68877813,20.092,3.19209,10.37518,473.859,-0.311711138571146
67,29.60676726,21.9033,2.19428,4.2075,585.307,0.125688710407469
66,31.2385898,16.2247,4.267105,3.29175,634.602,-0.167617868195603
69,35.09270153,83.4821,6.796985,82.1,263.499,0.341180279232434
60,26.34929208,24.2998,2.19428,20.2535,378.996,0.266505319221854
77,35.58792924,21.7863,8.12555,17.2615,618.272,-0.318061375225176
76,29.2184076,28.562,7.36996,8.04375,698.789,0.0958976435773237
76,27.2,35.891,9.34663,8.4156,377.227,1.18245208595618
75,27.3,10.39,9.000805,7.5767,335.393,0.0858452253824108
69,32.5,15.145,11.78796,11.78796,270.142,0.219651059658977
71,30.3,56.502,8.13,4.2989,200.976,0.741148462214804
66,27.7,24.846,7.652055,6.7052,225.88,0.293657185854623
75,25.7,65.926,3.74122,4.49685,206.802,0.627675317327453
78,25.3,6.633,10.567295,4.6638,209.749,-0.655496930708085
69,29.4,45.272,8.2863,4.53,215.769,0.85436630567789
85,26.6,7.85,7.9317,9.6135,232.006,0.0550577200380544
76,27.1,21.778,4.935635,8.49395,45.843,1.96177196833636
77,25.9,13.74,9.75326,11.774,488.829,-0.0405373131708361
45,21.30394858,7.6476,21.056625,23.03408,552.444,1.24851487238432
45,20.82999519,7.7529,8.237405,28.0323,382.955,-0.183499850709658
49,20.9566075,11.2406,8.412175,23.1177,573.63,1.04841289855607
34,24.24242424,16.7353,21.823745,12.06534,481.949,1.59416718614417
42,21.35991456,19.0826,8.462915,17.37615,321.919,-0.374009174519995
68,21.08281329,9.6994,8.574655,13.74244,448.799,0.444634537895194
51,19.13265306,11.0816,5.80762,5.57055,90.6,0.00110099368395757
62,22.65625,9.8648,11.236235,10.69548,703.973,-0.235492148623241
38,22.4996371,8.438,4.77192,15.73606,199.055,0.209310447179469
69,21.51385851,32.58,4.138025,15.69876,713.239,0.613178292203363
49,21.36752137,6.3339,3.886145,22.94254,737.672,-0.677399823592306
51,22.89281998,8.0163,9.349775,11.55492,359.232,-0.362200658331679
59,22.83287935,14.9037,4.230105,8.2049,355.31,0.506078855465756
45,23.14049587,17.9973,4.294705,5.2633,518.586,0.338345908772163
54,24.21875,8.6874,3.70523,10.34455,635.049,-0.234132037952161
64,22.22222222,12.1905,4.783985,13.91245,395.976,0.320546086070954
46,20.83,12.87,18.55,13.56,301.21,-0.297910201887402
44,19.56,13.08,20.37,4.62,220.66,1.497000861503
45,20.26,7.65,16.67,7.84,193.87,-0.247627518578781
44,24.74,18.16,16.1,5.31,244.75,2.72689428613697
51,18.37,9.62,12.76,3.21,513.66,0.445819793456495
72,23.62,21.78,17.86,4.82,195.94,0.135212478807007
46,22.21,10.16,9.76,5.68,312,2.05875470354194
43,26.5625,9.8,6.420295,16.1,806.724,0.966832630574659
55,31.97501487,37.2234,11.018455,7.16514,483.377,1.32840991907936
43,31.25,25.7816,12.71896,38.6531,775.322,0.0949469620305532
86,26.66666667,47.647,5.357135,24.3701,1698.44,3.02678189600947
41,26.6727633,44.7059,13.494865,27.8325,783.796,1.66236474060854
59,28.67262608,17.022,16.44048,31.6904,910.489,-0.501688384107968
81,31.64036818,38.8066,10.636525,29.5583,426.175,0.869207510049379
48,32.46191136,46.076,21.57,10.15726,738.034,1.9463276904442
71,25.51020408,19.0653,5.4861,42.7447,799.898,1.05493622516495
42,29.296875,12.2617,6.695585,53.6717,1041.843,0.00847544869949532
65,29.666548,26.5166,7.28287,19.46324,1698.44,1.12213576279783
48,28.125,15.5325,10.22231,16.11032,1698.44,-0.572913816079412
85,27.68877813,70.8824,7.901685,55.2153,1078.359,3.22088747494274
48,31.25,18.1314,4.104105,53.6308,1698.44,1.78673359398229
58,29.15451895,22.8884,10.26266,13.97399,923.886,1.73790413544323
40,30.83653053,31.0385,6.160995,17.55503,638.261,2.58228531531507
82,31.21748179,31.6453,9.92365,19.94687,994.316,1.49492303046593
52,30.8012487,29.2739,6.26854,24.24591,764.667,1.86925974766566
49,32.46191136,42.3914,10.79394,5.768,656.393,2.10729781133298
60,31.23140988,37.843,8.40443,11.50005,396.021,2.275831108869
49,29.77777778,51.3387,10.73174,20.76801,602.486,0.371363076337692
44,27.88761707,12.6757,5.47817,23.03306,407.206,0.810304954114049
40,27.63605442,14.3224,6.78387,26.0136,293.123,-0.481444615646037
71,27.91551882,53.4997,1.65602,49.24184,256.001,1.54092492585539
69,28.44444444,14.7485,5.288025,16.48508,353.568,0.852904059104476
74,28.65013774,31.1233,7.65222,18.35574,572.401,-0.424946443024269
66,26.5625,14.9084,8.42996,14.91922,269.487,0.359236487283521
65,30.91557669,44.0217,3.71009,20.4685,396.648,0.920341157812609
72,29.13631634,26.8081,2.78491,14.76966,232.018,0.807201168396465
57,34.83814777,33.1612,2.36495,9.9542,655.834,1.07855061460221
73,37.109375,41.4064,3.335665,6.89235,788.902,0.622126826726156
45,29.38475666,23.8479,6.644245,15.55625,621.273,0.0452467508317362
46,33.18,18.69,9.16,8.89,209.19,0.266100864673631
68,35.56,17.87,11.9,4.19,198.4,0.968327683140373
75,30.48,50.53,10.06,11.73,99.45,0.966330654579478
54,36.05,89.27,8.01,5.06,218.28,1.25161430903862
45,26.85,54.68,12.1,10.96,268.23,-0.28012668639873
62,26.84,12.45,21.42,7.32,330.16,0.111004558042911
65,32.05,61.48,22.54,10.33,314.05,0.315538941789908
72,25.59,24.96,33.75,3.27,392.46,-0.561431435225847
86,27.18,90.28,14.11,4.35,90.09,1.91358823579319
